0,Hola USB,data0
1,Hola USB,data1
2,Hola USB,data2
3,Hola USB,data3
4,Hola USB,data4
5,Hola USB,data5
6,Hola USB,data6
7,Hola USB,data7
8,Hola USB,data8
9,Hola USB,data9
10,Hola USB,data10
11,Hola USB,data11
12,Hola USB,data12
13,Hola USB,data13
14,Hola USB,data14
15,Hola USB,data15
16,Hola USB,data16
17,Hola USB,data17
18,Hola USB,data18
19,Hola USB,data19
20,Hola USB,data20
21,Hola USB,data21
22,Hola USB,data22
23,Hola USB,data23
24,Hola USB,data24
25,Hola USB,data25
26,Hola USB,data26
27,Hola USB,data27
28,Hola USB,data28
29,Hola USB,data29
30,Hola USB,data30
31,Hola USB,data31
32,Hola USB,data32
33,Hola USB,data33
34,Hola USB,data34
35,Hola USB,data35
36,Hola USB,data36
37,Hola USB,data37
38,Hola USB,data38
39,Hola USB,data39
40,Hola USB,data40
41,Hola USB,data41
42,Hola USB,data42
43,Hola USB,data43
44,Hola USB,data44
45,Hola USB,data45
46,Hola USB,data46
47,Hola USB,data47
48,Hola USB,data48
49,Hola USB,data49
50,Hola USB,data50
51,Hola USB,data51
52,Hola USB,data52
53,Hola USB,data53
54,Hola USB,data54
55,Hola USB,data55
56,Hola USB,data56
57,Hola USB,data57
58,Hola USB,data58
59,Hola USB,data59
60,Hola USB,data60
61,Hola USB,data61
62,Hola USB,data62
63,Hola USB,data63
64,Hola USB,data64
65,Hola USB,data65
66,Hola USB,data66
67,Hola USB,data67
68,Hola USB,data68
69,Hola USB,data69
70,Hola USB,data70
71,Hola USB,data71
72,Hola USB,data72
73,Hola USB,data73
74,Hola USB,data74
75,Hola USB,data75
76,Hola USB,data76
77,Hola USB,data77
78,Hola USB,data78
79,Hola USB,data79
80,Hola USB,data80
81,Hola USB,data81
82,Hola USB,data82
83,Hola USB,data83
84,Hola USB,data84
85,Hola USB,data85
86,Hola USB,data86
87,Hola USB,data87
88,Hola USB,data88
89,Hola USB,data89
90,Hola USB,data90
91,Hola USB,data91
92,Hola USB,data92
93,Hola USB,data93
94,Hola USB,data94
95,Hola USB,data95
96,Hola USB,data96
97,Hola USB,data97
98,Hola USB,data98
99,Hola USB,data99
100,Hola USB,data100
